--
-- PostgreSQL database dump
--

-- Dumped from database version 9.5.1
-- Dumped by pg_dump version 9.5.2

SET statement_timeout = 0;
SET lock_timeout = 0;
SET client_encoding = 'UTF8';
SET standard_conforming_strings = on;
SET check_function_bodies = false;
SET client_min_messages = warning;
SET row_security = off;

--
-- Name: plpgsql; Type: EXTENSION; Schema: -; Owner: 
--

CREATE EXTENSION IF NOT EXISTS plpgsql WITH SCHEMA pg_catalog;


--
-- Name: EXTENSION plpgsql; Type: COMMENT; Schema: -; Owner: 
--

COMMENT ON EXTENSION plpgsql IS 'PL/pgSQL procedural language';


SET search_path = public, pg_catalog;

SET default_tablespace = '';

SET default_with_oids = false;

--
-- Name: account_emailaddress; Type: TABLE; Schema: public; Owner: admin
--

CREATE TABLE account_emailaddress (
    id integer NOT NULL,
    email character varying(254) NOT NULL,
    verified boolean NOT NULL,
    "primary" boolean NOT NULL,
    user_id integer NOT NULL
);


ALTER TABLE account_emailaddress OWNER TO admin;

--
-- Name: account_emailaddress_id_seq; Type: SEQUENCE; Schema: public; Owner: admin
--

CREATE SEQUENCE account_emailaddress_id_seq
    START WITH 1
    INCREMENT BY 1
    NO MINVALUE
    NO MAXVALUE
    CACHE 1;


ALTER TABLE account_emailaddress_id_seq OWNER TO admin;

--
-- Name: account_emailaddress_id_seq; Type: SEQUENCE OWNED BY; Schema: public; Owner: admin
--

ALTER SEQUENCE account_emailaddress_id_seq OWNED BY account_emailaddress.id;


--
-- Name: account_emailconfirmation; Type: TABLE; Schema: public; Owner: admin
--

CREATE TABLE account_emailconfirmation (
    id integer NOT NULL,
    created timestamp with time zone NOT NULL,
    sent timestamp with time zone,
    key character varying(64) NOT NULL,
    email_address_id integer NOT NULL
);


ALTER TABLE account_emailconfirmation OWNER TO admin;

--
-- Name: account_emailconfirmation_id_seq; Type: SEQUENCE; Schema: public; Owner: admin
--

CREATE SEQUENCE account_emailconfirmation_id_seq
    START WITH 1
    INCREMENT BY 1
    NO MINVALUE
    NO MAXVALUE
    CACHE 1;


ALTER TABLE account_emailconfirmation_id_seq OWNER TO admin;

--
-- Name: account_emailconfirmation_id_seq; Type: SEQUENCE OWNED BY; Schema: public; Owner: admin
--

ALTER SEQUENCE account_emailconfirmation_id_seq OWNED BY account_emailconfirmation.id;


--
-- Name: auth_group; Type: TABLE; Schema: public; Owner: admin
--

CREATE TABLE auth_group (
    id integer NOT NULL,
    name character varying(80) NOT NULL
);


ALTER TABLE auth_group OWNER TO admin;

--
-- Name: auth_group_id_seq; Type: SEQUENCE; Schema: public; Owner: admin
--

CREATE SEQUENCE auth_group_id_seq
    START WITH 1
    INCREMENT BY 1
    NO MINVALUE
    NO MAXVALUE
    CACHE 1;


ALTER TABLE auth_group_id_seq OWNER TO admin;

--
-- Name: auth_group_id_seq; Type: SEQUENCE OWNED BY; Schema: public; Owner: admin
--

ALTER SEQUENCE auth_group_id_seq OWNED BY auth_group.id;


--
-- Name: auth_group_permissions; Type: TABLE; Schema: public; Owner: admin
--

CREATE TABLE auth_group_permissions (
    id integer NOT NULL,
    group_id integer NOT NULL,
    permission_id integer NOT NULL
);


ALTER TABLE auth_group_permissions OWNER TO admin;

--
-- Name: auth_group_permissions_id_seq; Type: SEQUENCE; Schema: public; Owner: admin
--

CREATE SEQUENCE auth_group_permissions_id_seq
    START WITH 1
    INCREMENT BY 1
    NO MINVALUE
    NO MAXVALUE
    CACHE 1;


ALTER TABLE auth_group_permissions_id_seq OWNER TO admin;

--
-- Name: auth_group_permissions_id_seq; Type: SEQUENCE OWNED BY; Schema: public; Owner: admin
--

ALTER SEQUENCE auth_group_permissions_id_seq OWNED BY auth_group_permissions.id;


--
-- Name: auth_permission; Type: TABLE; Schema: public; Owner: admin
--

CREATE TABLE auth_permission (
    id integer NOT NULL,
    name character varying(255) NOT NULL,
    content_type_id integer NOT NULL,
    codename character varying(100) NOT NULL
);


ALTER TABLE auth_permission OWNER TO admin;

--
-- Name: auth_permission_id_seq; Type: SEQUENCE; Schema: public; Owner: admin
--

CREATE SEQUENCE auth_permission_id_seq
    START WITH 1
    INCREMENT BY 1
    NO MINVALUE
    NO MAXVALUE
    CACHE 1;


ALTER TABLE auth_permission_id_seq OWNER TO admin;

--
-- Name: auth_permission_id_seq; Type: SEQUENCE OWNED BY; Schema: public; Owner: admin
--

ALTER SEQUENCE auth_permission_id_seq OWNED BY auth_permission.id;


--
-- Name: auth_user; Type: TABLE; Schema: public; Owner: admin
--

CREATE TABLE auth_user (
    id integer NOT NULL,
    password character varying(128) NOT NULL,
    last_login timestamp with time zone,
    is_superuser boolean NOT NULL,
    username character varying(30) NOT NULL,
    first_name character varying(30) NOT NULL,
    last_name character varying(30) NOT NULL,
    email character varying(254) NOT NULL,
    is_staff boolean NOT NULL,
    is_active boolean NOT NULL,
    date_joined timestamp with time zone NOT NULL
);


ALTER TABLE auth_user OWNER TO admin;

--
-- Name: auth_user_groups; Type: TABLE; Schema: public; Owner: admin
--

CREATE TABLE auth_user_groups (
    id integer NOT NULL,
    user_id integer NOT NULL,
    group_id integer NOT NULL
);


ALTER TABLE auth_user_groups OWNER TO admin;

--
-- Name: auth_user_groups_id_seq; Type: SEQUENCE; Schema: public; Owner: admin
--

CREATE SEQUENCE auth_user_groups_id_seq
    START WITH 1
    INCREMENT BY 1
    NO MINVALUE
    NO MAXVALUE
    CACHE 1;


ALTER TABLE auth_user_groups_id_seq OWNER TO admin;

--
-- Name: auth_user_groups_id_seq; Type: SEQUENCE OWNED BY; Schema: public; Owner: admin
--

ALTER SEQUENCE auth_user_groups_id_seq OWNED BY auth_user_groups.id;


--
-- Name: auth_user_id_seq; Type: SEQUENCE; Schema: public; Owner: admin
--

CREATE SEQUENCE auth_user_id_seq
    START WITH 1
    INCREMENT BY 1
    NO MINVALUE
    NO MAXVALUE
    CACHE 1;


ALTER TABLE auth_user_id_seq OWNER TO admin;

--
-- Name: auth_user_id_seq; Type: SEQUENCE OWNED BY; Schema: public; Owner: admin
--

ALTER SEQUENCE auth_user_id_seq OWNED BY auth_user.id;


--
-- Name: auth_user_user_permissions; Type: TABLE; Schema: public; Owner: admin
--

CREATE TABLE auth_user_user_permissions (
    id integer NOT NULL,
    user_id integer NOT NULL,
    permission_id integer NOT NULL
);


ALTER TABLE auth_user_user_permissions OWNER TO admin;

--
-- Name: auth_user_user_permissions_id_seq; Type: SEQUENCE; Schema: public; Owner: admin
--

CREATE SEQUENCE auth_user_user_permissions_id_seq
    START WITH 1
    INCREMENT BY 1
    NO MINVALUE
    NO MAXVALUE
    CACHE 1;


ALTER TABLE auth_user_user_permissions_id_seq OWNER TO admin;

--
-- Name: auth_user_user_permissions_id_seq; Type: SEQUENCE OWNED BY; Schema: public; Owner: admin
--

ALTER SEQUENCE auth_user_user_permissions_id_seq OWNED BY auth_user_user_permissions.id;


--
-- Name: django_admin_log; Type: TABLE; Schema: public; Owner: admin
--

CREATE TABLE django_admin_log (
    id integer NOT NULL,
    action_time timestamp with time zone NOT NULL,
    object_id text,
    object_repr character varying(200) NOT NULL,
    action_flag smallint NOT NULL,
    change_message text NOT NULL,
    content_type_id integer,
    user_id integer NOT NULL,
    CONSTRAINT django_admin_log_action_flag_check CHECK ((action_flag >= 0))
);


ALTER TABLE django_admin_log OWNER TO admin;

--
-- Name: django_admin_log_id_seq; Type: SEQUENCE; Schema: public; Owner: admin
--

CREATE SEQUENCE django_admin_log_id_seq
    START WITH 1
    INCREMENT BY 1
    NO MINVALUE
    NO MAXVALUE
    CACHE 1;


ALTER TABLE django_admin_log_id_seq OWNER TO admin;

--
-- Name: django_admin_log_id_seq; Type: SEQUENCE OWNED BY; Schema: public; Owner: admin
--

ALTER SEQUENCE django_admin_log_id_seq OWNED BY django_admin_log.id;


--
-- Name: django_content_type; Type: TABLE; Schema: public; Owner: admin
--

CREATE TABLE django_content_type (
    id integer NOT NULL,
    app_label character varying(100) NOT NULL,
    model character varying(100) NOT NULL
);


ALTER TABLE django_content_type OWNER TO admin;

--
-- Name: django_content_type_id_seq; Type: SEQUENCE; Schema: public; Owner: admin
--

CREATE SEQUENCE django_content_type_id_seq
    START WITH 1
    INCREMENT BY 1
    NO MINVALUE
    NO MAXVALUE
    CACHE 1;


ALTER TABLE django_content_type_id_seq OWNER TO admin;

--
-- Name: django_content_type_id_seq; Type: SEQUENCE OWNED BY; Schema: public; Owner: admin
--

ALTER SEQUENCE django_content_type_id_seq OWNED BY django_content_type.id;


--
-- Name: django_migrations; Type: TABLE; Schema: public; Owner: admin
--

CREATE TABLE django_migrations (
    id integer NOT NULL,
    app character varying(255) NOT NULL,
    name character varying(255) NOT NULL,
    applied timestamp with time zone NOT NULL
);


ALTER TABLE django_migrations OWNER TO admin;

--
-- Name: django_migrations_id_seq; Type: SEQUENCE; Schema: public; Owner: admin
--

CREATE SEQUENCE django_migrations_id_seq
    START WITH 1
    INCREMENT BY 1
    NO MINVALUE
    NO MAXVALUE
    CACHE 1;


ALTER TABLE django_migrations_id_seq OWNER TO admin;

--
-- Name: django_migrations_id_seq; Type: SEQUENCE OWNED BY; Schema: public; Owner: admin
--

ALTER SEQUENCE django_migrations_id_seq OWNED BY django_migrations.id;


--
-- Name: django_session; Type: TABLE; Schema: public; Owner: admin
--

CREATE TABLE django_session (
    session_key character varying(40) NOT NULL,
    session_data text NOT NULL,
    expire_date timestamp with time zone NOT NULL
);


ALTER TABLE django_session OWNER TO admin;

--
-- Name: django_site; Type: TABLE; Schema: public; Owner: admin
--

CREATE TABLE django_site (
    id integer NOT NULL,
    domain character varying(100) NOT NULL,
    name character varying(50) NOT NULL
);


ALTER TABLE django_site OWNER TO admin;

--
-- Name: django_site_id_seq; Type: SEQUENCE; Schema: public; Owner: admin
--

CREATE SEQUENCE django_site_id_seq
    START WITH 1
    INCREMENT BY 1
    NO MINVALUE
    NO MAXVALUE
    CACHE 1;


ALTER TABLE django_site_id_seq OWNER TO admin;

--
-- Name: django_site_id_seq; Type: SEQUENCE OWNED BY; Schema: public; Owner: admin
--

ALTER SEQUENCE django_site_id_seq OWNED BY django_site.id;


--
-- Name: socialaccount_socialaccount; Type: TABLE; Schema: public; Owner: admin
--

CREATE TABLE socialaccount_socialaccount (
    id integer NOT NULL,
    provider character varying(30) NOT NULL,
    uid character varying(191) NOT NULL,
    last_login timestamp with time zone NOT NULL,
    date_joined timestamp with time zone NOT NULL,
    extra_data text NOT NULL,
    user_id integer NOT NULL
);


ALTER TABLE socialaccount_socialaccount OWNER TO admin;

--
-- Name: socialaccount_socialaccount_id_seq; Type: SEQUENCE; Schema: public; Owner: admin
--

CREATE SEQUENCE socialaccount_socialaccount_id_seq
    START WITH 1
    INCREMENT BY 1
    NO MINVALUE
    NO MAXVALUE
    CACHE 1;


ALTER TABLE socialaccount_socialaccount_id_seq OWNER TO admin;

--
-- Name: socialaccount_socialaccount_id_seq; Type: SEQUENCE OWNED BY; Schema: public; Owner: admin
--

ALTER SEQUENCE socialaccount_socialaccount_id_seq OWNED BY socialaccount_socialaccount.id;


--
-- Name: socialaccount_socialapp; Type: TABLE; Schema: public; Owner: admin
--

CREATE TABLE socialaccount_socialapp (
    id integer NOT NULL,
    provider character varying(30) NOT NULL,
    name character varying(40) NOT NULL,
    client_id character varying(191) NOT NULL,
    secret character varying(191) NOT NULL,
    key character varying(191) NOT NULL
);


ALTER TABLE socialaccount_socialapp OWNER TO admin;

--
-- Name: socialaccount_socialapp_id_seq; Type: SEQUENCE; Schema: public; Owner: admin
--

CREATE SEQUENCE socialaccount_socialapp_id_seq
    START WITH 1
    INCREMENT BY 1
    NO MINVALUE
    NO MAXVALUE
    CACHE 1;


ALTER TABLE socialaccount_socialapp_id_seq OWNER TO admin;

--
-- Name: socialaccount_socialapp_id_seq; Type: SEQUENCE OWNED BY; Schema: public; Owner: admin
--

ALTER SEQUENCE socialaccount_socialapp_id_seq OWNED BY socialaccount_socialapp.id;


--
-- Name: socialaccount_socialapp_sites; Type: TABLE; Schema: public; Owner: admin
--

CREATE TABLE socialaccount_socialapp_sites (
    id integer NOT NULL,
    socialapp_id integer NOT NULL,
    site_id integer NOT NULL
);


ALTER TABLE socialaccount_socialapp_sites OWNER TO admin;

--
-- Name: socialaccount_socialapp_sites_id_seq; Type: SEQUENCE; Schema: public; Owner: admin
--

CREATE SEQUENCE socialaccount_socialapp_sites_id_seq
    START WITH 1
    INCREMENT BY 1
    NO MINVALUE
    NO MAXVALUE
    CACHE 1;


ALTER TABLE socialaccount_socialapp_sites_id_seq OWNER TO admin;

--
-- Name: socialaccount_socialapp_sites_id_seq; Type: SEQUENCE OWNED BY; Schema: public; Owner: admin
--

ALTER SEQUENCE socialaccount_socialapp_sites_id_seq OWNED BY socialaccount_socialapp_sites.id;


--
-- Name: socialaccount_socialtoken; Type: TABLE; Schema: public; Owner: admin
--

CREATE TABLE socialaccount_socialtoken (
    id integer NOT NULL,
    token text NOT NULL,
    token_secret text NOT NULL,
    expires_at timestamp with time zone,
    account_id integer NOT NULL,
    app_id integer NOT NULL
);


ALTER TABLE socialaccount_socialtoken OWNER TO admin;

--
-- Name: socialaccount_socialtoken_id_seq; Type: SEQUENCE; Schema: public; Owner: admin
--

CREATE SEQUENCE socialaccount_socialtoken_id_seq
    START WITH 1
    INCREMENT BY 1
    NO MINVALUE
    NO MAXVALUE
    CACHE 1;


ALTER TABLE socialaccount_socialtoken_id_seq OWNER TO admin;

--
-- Name: socialaccount_socialtoken_id_seq; Type: SEQUENCE OWNED BY; Schema: public; Owner: admin
--

ALTER SEQUENCE socialaccount_socialtoken_id_seq OWNED BY socialaccount_socialtoken.id;


--
-- Name: id; Type: DEFAULT; Schema: public; Owner: admin
--

ALTER TABLE ONLY account_emailaddress ALTER COLUMN id SET DEFAULT nextval('account_emailaddress_id_seq'::regclass);


--
-- Name: id; Type: DEFAULT; Schema: public; Owner: admin
--

ALTER TABLE ONLY account_emailconfirmation ALTER COLUMN id SET DEFAULT nextval('account_emailconfirmation_id_seq'::regclass);


--
-- Name: id; Type: DEFAULT; Schema: public; Owner: admin
--

ALTER TABLE ONLY auth_group ALTER COLUMN id SET DEFAULT nextval('auth_group_id_seq'::regclass);


--
-- Name: id; Type: DEFAULT; Schema: public; Owner: admin
--

ALTER TABLE ONLY auth_group_permissions ALTER COLUMN id SET DEFAULT nextval('auth_group_permissions_id_seq'::regclass);


--
-- Name: id; Type: DEFAULT; Schema: public; Owner: admin
--

ALTER TABLE ONLY auth_permission ALTER COLUMN id SET DEFAULT nextval('auth_permission_id_seq'::regclass);


--
-- Name: id; Type: DEFAULT; Schema: public; Owner: admin
--

ALTER TABLE ONLY auth_user ALTER COLUMN id SET DEFAULT nextval('auth_user_id_seq'::regclass);


--
-- Name: id; Type: DEFAULT; Schema: public; Owner: admin
--

ALTER TABLE ONLY auth_user_groups ALTER COLUMN id SET DEFAULT nextval('auth_user_groups_id_seq'::regclass);


--
-- Name: id; Type: DEFAULT; Schema: public; Owner: admin
--

ALTER TABLE ONLY auth_user_user_permissions ALTER COLUMN id SET DEFAULT nextval('auth_user_user_permissions_id_seq'::regclass);


--
-- Name: id; Type: DEFAULT; Schema: public; Owner: admin
--

ALTER TABLE ONLY django_admin_log ALTER COLUMN id SET DEFAULT nextval('django_admin_log_id_seq'::regclass);


--
-- Name: id; Type: DEFAULT; Schema: public; Owner: admin
--

ALTER TABLE ONLY django_content_type ALTER COLUMN id SET DEFAULT nextval('django_content_type_id_seq'::regclass);


--
-- Name: id; Type: DEFAULT; Schema: public; Owner: admin
--

ALTER TABLE ONLY django_migrations ALTER COLUMN id SET DEFAULT nextval('django_migrations_id_seq'::regclass);


--
-- Name: id; Type: DEFAULT; Schema: public; Owner: admin
--

ALTER TABLE ONLY django_site ALTER COLUMN id SET DEFAULT nextval('django_site_id_seq'::regclass);


--
-- Name: id; Type: DEFAULT; Schema: public; Owner: admin
--

ALTER TABLE ONLY socialaccount_socialaccount ALTER COLUMN id SET DEFAULT nextval('socialaccount_socialaccount_id_seq'::regclass);


--
-- Name: id; Type: DEFAULT; Schema: public; Owner: admin
--

ALTER TABLE ONLY socialaccount_socialapp ALTER COLUMN id SET DEFAULT nextval('socialaccount_socialapp_id_seq'::regclass);


--
-- Name: id; Type: DEFAULT; Schema: public; Owner: admin
--

ALTER TABLE ONLY socialaccount_socialapp_sites ALTER COLUMN id SET DEFAULT nextval('socialaccount_socialapp_sites_id_seq'::regclass);


--
-- Name: id; Type: DEFAULT; Schema: public; Owner: admin
--

ALTER TABLE ONLY socialaccount_socialtoken ALTER COLUMN id SET DEFAULT nextval('socialaccount_socialtoken_id_seq'::regclass);


--
-- Data for Name: account_emailaddress; Type: TABLE DATA; Schema: public; Owner: admin
--

COPY account_emailaddress (id, email, verified, "primary", user_id) FROM stdin;
\.


--
-- Name: account_emailaddress_id_seq; Type: SEQUENCE SET; Schema: public; Owner: admin
--

SELECT pg_catalog.setval('account_emailaddress_id_seq', 1, false);


--
-- Data for Name: account_emailconfirmation; Type: TABLE DATA; Schema: public; Owner: admin
--

COPY account_emailconfirmation (id, created, sent, key, email_address_id) FROM stdin;
\.


--
-- Name: account_emailconfirmation_id_seq; Type: SEQUENCE SET; Schema: public; Owner: admin
--

SELECT pg_catalog.setval('account_emailconfirmation_id_seq', 1, false);


--
-- Data for Name: auth_group; Type: TABLE DATA; Schema: public; Owner: admin
--

COPY auth_group (id, name) FROM stdin;
\.


--
-- Name: auth_group_id_seq; Type: SEQUENCE SET; Schema: public; Owner: admin
--

SELECT pg_catalog.setval('auth_group_id_seq', 1, false);


--
-- Data for Name: auth_group_permissions; Type: TABLE DATA; Schema: public; Owner: admin
--

COPY auth_group_permissions (id, group_id, permission_id) FROM stdin;
\.


--
-- Name: auth_group_permissions_id_seq; Type: SEQUENCE SET; Schema: public; Owner: admin
--

SELECT pg_catalog.setval('auth_group_permissions_id_seq', 1, false);


--
-- Data for Name: auth_permission; Type: TABLE DATA; Schema: public; Owner: admin
--

COPY auth_permission (id, name, content_type_id, codename) FROM stdin;
1	Can add log entry	1	add_logentry
2	Can change log entry	1	change_logentry
3	Can delete log entry	1	delete_logentry
4	Can add site	2	add_site
5	Can change site	2	change_site
6	Can delete site	2	delete_site
7	Can add permission	3	add_permission
8	Can change permission	3	change_permission
9	Can delete permission	3	delete_permission
10	Can add group	4	add_group
11	Can change group	4	change_group
12	Can delete group	4	delete_group
13	Can add user	5	add_user
14	Can change user	5	change_user
15	Can delete user	5	delete_user
16	Can add content type	6	add_contenttype
17	Can change content type	6	change_contenttype
18	Can delete content type	6	delete_contenttype
19	Can add session	7	add_session
20	Can change session	7	change_session
21	Can delete session	7	delete_session
22	Can add email address	8	add_emailaddress
23	Can change email address	8	change_emailaddress
24	Can delete email address	8	delete_emailaddress
25	Can add email confirmation	9	add_emailconfirmation
26	Can change email confirmation	9	change_emailconfirmation
27	Can delete email confirmation	9	delete_emailconfirmation
28	Can add social application	10	add_socialapp
29	Can change social application	10	change_socialapp
30	Can delete social application	10	delete_socialapp
31	Can add social account	11	add_socialaccount
32	Can change social account	11	change_socialaccount
33	Can delete social account	11	delete_socialaccount
34	Can add social application token	12	add_socialtoken
35	Can change social application token	12	change_socialtoken
36	Can delete social application token	12	delete_socialtoken
\.


--
-- Name: auth_permission_id_seq; Type: SEQUENCE SET; Schema: public; Owner: admin
--

SELECT pg_catalog.setval('auth_permission_id_seq', 36, true);


--
-- Data for Name: auth_user; Type: TABLE DATA; Schema: public; Owner: admin
--

COPY auth_user (id, password, last_login, is_superuser, username, first_name, last_name, email, is_staff, is_active, date_joined) FROM stdin;
1	pbkdf2_sha256$24000$ixBhpRuqyAFU$3CFhz206VsREja0ZNwr4LH3Uim6PjONMRhmSGYjJ4WA=	2016-04-16 00:15:33.243186-07	t	admin			chaozik1337@gmail.com	t	t	2016-04-10 22:57:33.833315-07
\.


--
-- Data for Name: auth_user_groups; Type: TABLE DATA; Schema: public; Owner: admin
--

COPY auth_user_groups (id, user_id, group_id) FROM stdin;
\.


--
-- Name: auth_user_groups_id_seq; Type: SEQUENCE SET; Schema: public; Owner: admin
--

SELECT pg_catalog.setval('auth_user_groups_id_seq', 1, false);


--
-- Name: auth_user_id_seq; Type: SEQUENCE SET; Schema: public; Owner: admin
--

SELECT pg_catalog.setval('auth_user_id_seq', 1, true);


--
-- Data for Name: auth_user_user_permissions; Type: TABLE DATA; Schema: public; Owner: admin
--

COPY auth_user_user_permissions (id, user_id, permission_id) FROM stdin;
\.


--
-- Name: auth_user_user_permissions_id_seq; Type: SEQUENCE SET; Schema: public; Owner: admin
--

SELECT pg_catalog.setval('auth_user_user_permissions_id_seq', 1, false);


--
-- Data for Name: django_admin_log; Type: TABLE DATA; Schema: public; Owner: admin
--

COPY django_admin_log (id, action_time, object_id, object_repr, action_flag, change_message, content_type_id, user_id) FROM stdin;
\.


--
-- Name: django_admin_log_id_seq; Type: SEQUENCE SET; Schema: public; Owner: admin
--

SELECT pg_catalog.setval('django_admin_log_id_seq', 1, false);


--
-- Data for Name: django_content_type; Type: TABLE DATA; Schema: public; Owner: admin
--

COPY django_content_type (id, app_label, model) FROM stdin;
1	admin	logentry
2	sites	site
3	auth	permission
4	auth	group
5	auth	user
6	contenttypes	contenttype
7	sessions	session
8	account	emailaddress
9	account	emailconfirmation
10	socialaccount	socialapp
11	socialaccount	socialaccount
12	socialaccount	socialtoken
\.


--
-- Name: django_content_type_id_seq; Type: SEQUENCE SET; Schema: public; Owner: admin
--

SELECT pg_catalog.setval('django_content_type_id_seq', 12, true);


--
-- Data for Name: django_migrations; Type: TABLE DATA; Schema: public; Owner: admin
--

COPY django_migrations (id, app, name, applied) FROM stdin;
1	contenttypes	0001_initial	2016-04-10 22:54:37.79954-07
2	auth	0001_initial	2016-04-10 22:54:37.949327-07
3	account	0001_initial	2016-04-10 22:54:38.019451-07
4	account	0002_email_max_length	2016-04-10 22:54:38.040557-07
5	admin	0001_initial	2016-04-10 22:54:38.088548-07
6	admin	0002_logentry_remove_auto_add	2016-04-10 22:54:38.109535-07
7	contenttypes	0002_remove_content_type_name	2016-04-10 22:54:38.153822-07
8	auth	0002_alter_permission_name_max_length	2016-04-10 22:54:38.171911-07
9	auth	0003_alter_user_email_max_length	2016-04-10 22:54:38.19047-07
10	auth	0004_alter_user_username_opts	2016-04-10 22:54:38.213145-07
11	auth	0005_alter_user_last_login_null	2016-04-10 22:54:38.231271-07
12	auth	0006_require_contenttypes_0002	2016-04-10 22:54:38.236945-07
13	auth	0007_alter_validators_add_error_messages	2016-04-10 22:54:38.2541-07
14	sessions	0001_initial	2016-04-10 22:54:38.27768-07
15	sites	0001_initial	2016-04-10 22:54:38.293337-07
16	sites	0002_alter_domain_unique	2016-04-10 22:54:38.310755-07
17	socialaccount	0001_initial	2016-04-10 22:54:38.468776-07
18	socialaccount	0002_token_max_lengths	2016-04-10 22:54:38.576275-07
19	socialaccount	0003_extra_data_default_dict	2016-04-10 22:54:38.605238-07
\.


--
-- Name: django_migrations_id_seq; Type: SEQUENCE SET; Schema: public; Owner: admin
--

SELECT pg_catalog.setval('django_migrations_id_seq', 19, true);


--
-- Data for Name: django_session; Type: TABLE DATA; Schema: public; Owner: admin
--

COPY django_session (session_key, session_data, expire_date) FROM stdin;
jgc5uqnjsn5wemzvucgfz9dmzy4tywud	NjI4NzQ3Y2VkMmU3MmU5MDdiMjAzZjk5YjJiZTgwZjJjMjgxMTU5Yzp7Il9hdXRoX3VzZXJfYmFja2VuZCI6ImRqYW5nby5jb250cmliLmF1dGguYmFja2VuZHMuTW9kZWxCYWNrZW5kIiwiX2F1dGhfdXNlcl9pZCI6IjEiLCJfYXV0aF91c2VyX2hhc2giOiI0ZDU3MzA0YTQzYzI0ZmFmY2UxNTNjNDYyNjQxOTEwOTRjNjAzNjE4In0=	2016-04-30 00:15:33.249868-07
\.


--
-- Data for Name: django_site; Type: TABLE DATA; Schema: public; Owner: admin
--

COPY django_site (id, domain, name) FROM stdin;
1	example.com	example.com
\.


--
-- Name: django_site_id_seq; Type: SEQUENCE SET; Schema: public; Owner: admin
--

SELECT pg_catalog.setval('django_site_id_seq', 1, true);


--
-- Data for Name: socialaccount_socialaccount; Type: TABLE DATA; Schema: public; Owner: admin
--

COPY socialaccount_socialaccount (id, provider, uid, last_login, date_joined, extra_data, user_id) FROM stdin;
\.


--
-- Name: socialaccount_socialaccount_id_seq; Type: SEQUENCE SET; Schema: public; Owner: admin
--

SELECT pg_catalog.setval('socialaccount_socialaccount_id_seq', 1, false);


--
-- Data for Name: socialaccount_socialapp; Type: TABLE DATA; Schema: public; Owner: admin
--

COPY socialaccount_socialapp (id, provider, name, client_id, secret, key) FROM stdin;
\.


--
-- Name: socialaccount_socialapp_id_seq; Type: SEQUENCE SET; Schema: public; Owner: admin
--

SELECT pg_catalog.setval('socialaccount_socialapp_id_seq', 1, false);


--
-- Data for Name: socialaccount_socialapp_sites; Type: TABLE DATA; Schema: public; Owner: admin
--

COPY socialaccount_socialapp_sites (id, socialapp_id, site_id) FROM stdin;
\.


--
-- Name: socialaccount_socialapp_sites_id_seq; Type: SEQUENCE SET; Schema: public; Owner: admin
--

SELECT pg_catalog.setval('socialaccount_socialapp_sites_id_seq', 1, false);


--
-- Data for Name: socialaccount_socialtoken; Type: TABLE DATA; Schema: public; Owner: admin
--

COPY socialaccount_socialtoken (id, token, token_secret, expires_at, account_id, app_id) FROM stdin;
\.


--
-- Name: socialaccount_socialtoken_id_seq; Type: SEQUENCE SET; Schema: public; Owner: admin
--

SELECT pg_catalog.setval('socialaccount_socialtoken_id_seq', 1, false);


--
-- Name: account_emailaddress_email_key; Type: CONSTRAINT; Schema: public; Owner: admin
--

ALTER TABLE ONLY account_emailaddress
    ADD CONSTRAINT account_emailaddress_email_key UNIQUE (email);


--
-- Name: account_emailaddress_pkey; Type: CONSTRAINT; Schema: public; Owner: admin
--

ALTER TABLE ONLY account_emailaddress
    ADD CONSTRAINT account_emailaddress_pkey PRIMARY KEY (id);


--
-- Name: account_emailconfirmation_key_key; Type: CONSTRAINT; Schema: public; Owner: admin
--

ALTER TABLE ONLY account_emailconfirmation
    ADD CONSTRAINT account_emailconfirmation_key_key UNIQUE (key);


--
-- Name: account_emailconfirmation_pkey; Type: CONSTRAINT; Schema: public; Owner: admin
--

ALTER TABLE ONLY account_emailconfirmation
    ADD CONSTRAINT account_emailconfirmation_pkey PRIMARY KEY (id);


--
-- Name: auth_group_name_key; Type: CONSTRAINT; Schema: public; Owner: admin
--

ALTER TABLE ONLY auth_group
    ADD CONSTRAINT auth_group_name_key UNIQUE (name);


--
-- Name: auth_group_permissions_group_id_0cd325b0_uniq; Type: CONSTRAINT; Schema: public; Owner: admin
--

ALTER TABLE ONLY auth_group_permissions
    ADD CONSTRAINT auth_group_permissions_group_id_0cd325b0_uniq UNIQUE (group_id, permission_id);


--
-- Name: auth_group_permissions_pkey; Type: CONSTRAINT; Schema: public; Owner: admin
--

ALTER TABLE ONLY auth_group_permissions
    ADD CONSTRAINT auth_group_permissions_pkey PRIMARY KEY (id);


--
-- Name: auth_group_pkey; Type: CONSTRAINT; Schema: public; Owner: admin
--

ALTER TABLE ONLY auth_group
    ADD CONSTRAINT auth_group_pkey PRIMARY KEY (id);


--
-- Name: auth_permission_content_type_id_01ab375a_uniq; Type: CONSTRAINT; Schema: public; Owner: admin
--

ALTER TABLE ONLY auth_permission
    ADD CONSTRAINT auth_permission_content_type_id_01ab375a_uniq UNIQUE (content_type_id, codename);


--
-- Name: auth_permission_pkey; Type: CONSTRAINT; Schema: public; Owner: admin
--

ALTER TABLE ONLY auth_permission
    ADD CONSTRAINT auth_permission_pkey PRIMARY KEY (id);


--
-- Name: auth_user_groups_pkey; Type: CONSTRAINT; Schema: public; Owner: admin
--

ALTER TABLE ONLY auth_user_groups
    ADD CONSTRAINT auth_user_groups_pkey PRIMARY KEY (id);


--
-- Name: auth_user_groups_user_id_94350c0c_uniq; Type: CONSTRAINT; Schema: public; Owner: admin
--

ALTER TABLE ONLY auth_user_groups
    ADD CONSTRAINT auth_user_groups_user_id_94350c0c_uniq UNIQUE (user_id, group_id);


--
-- Name: auth_user_pkey; Type: CONSTRAINT; Schema: public; Owner: admin
--

ALTER TABLE ONLY auth_user
    ADD CONSTRAINT auth_user_pkey PRIMARY KEY (id);


--
-- Name: auth_user_user_permissions_pkey; Type: CONSTRAINT; Schema: public; Owner: admin
--

ALTER TABLE ONLY auth_user_user_permissions
    ADD CONSTRAINT auth_user_user_permissions_pkey PRIMARY KEY (id);


--
-- Name: auth_user_user_permissions_user_id_14a6b632_uniq; Type: CONSTRAINT; Schema: public; Owner: admin
--

ALTER TABLE ONLY auth_user_user_permissions
    ADD CONSTRAINT auth_user_user_permissions_user_id_14a6b632_uniq UNIQUE (user_id, permission_id);


--
-- Name: auth_user_username_key; Type: CONSTRAINT; Schema: public; Owner: admin
--

ALTER TABLE ONLY auth_user
    ADD CONSTRAINT auth_user_username_key UNIQUE (username);


--
-- Name: django_admin_log_pkey; Type: CONSTRAINT; Schema: public; Owner: admin
--

ALTER TABLE ONLY django_admin_log
    ADD CONSTRAINT django_admin_log_pkey PRIMARY KEY (id);


--
-- Name: django_content_type_app_label_76bd3d3b_uniq; Type: CONSTRAINT; Schema: public; Owner: admin
--

ALTER TABLE ONLY django_content_type
    ADD CONSTRAINT django_content_type_app_label_76bd3d3b_uniq UNIQUE (app_label, model);


--
-- Name: django_content_type_pkey; Type: CONSTRAINT; Schema: public; Owner: admin
--

ALTER TABLE ONLY django_content_type
    ADD CONSTRAINT django_content_type_pkey PRIMARY KEY (id);


--
-- Name: django_migrations_pkey; Type: CONSTRAINT; Schema: public; Owner: admin
--

ALTER TABLE ONLY django_migrations
    ADD CONSTRAINT django_migrations_pkey PRIMARY KEY (id);


--
-- Name: django_session_pkey; Type: CONSTRAINT; Schema: public; Owner: admin
--

ALTER TABLE ONLY django_session
    ADD CONSTRAINT django_session_pkey PRIMARY KEY (session_key);


--
-- Name: django_site_domain_a2e37b91_uniq; Type: CONSTRAINT; Schema: public; Owner: admin
--

ALTER TABLE ONLY django_site
    ADD CONSTRAINT django_site_domain_a2e37b91_uniq UNIQUE (domain);


--
-- Name: django_site_pkey; Type: CONSTRAINT; Schema: public; Owner: admin
--

ALTER TABLE ONLY django_site
    ADD CONSTRAINT django_site_pkey PRIMARY KEY (id);


--
-- Name: socialaccount_socialaccount_pkey; Type: CONSTRAINT; Schema: public; Owner: admin
--

ALTER TABLE ONLY socialaccount_socialaccount
    ADD CONSTRAINT socialaccount_socialaccount_pkey PRIMARY KEY (id);


--
-- Name: socialaccount_socialaccount_provider_fc810c6e_uniq; Type: CONSTRAINT; Schema: public; Owner: admin
--

ALTER TABLE ONLY socialaccount_socialaccount
    ADD CONSTRAINT socialaccount_socialaccount_provider_fc810c6e_uniq UNIQUE (provider, uid);


--
-- Name: socialaccount_socialapp_pkey; Type: CONSTRAINT; Schema: public; Owner: admin
--

ALTER TABLE ONLY socialaccount_socialapp
    ADD CONSTRAINT socialaccount_socialapp_pkey PRIMARY KEY (id);


--
-- Name: socialaccount_socialapp_sites_pkey; Type: CONSTRAINT; Schema: public; Owner: admin
--

ALTER TABLE ONLY socialaccount_socialapp_sites
    ADD CONSTRAINT socialaccount_socialapp_sites_pkey PRIMARY KEY (id);


--
-- Name: socialaccount_socialapp_sites_socialapp_id_71a9a768_uniq; Type: CONSTRAINT; Schema: public; Owner: admin
--

ALTER TABLE ONLY socialaccount_socialapp_sites
    ADD CONSTRAINT socialaccount_socialapp_sites_socialapp_id_71a9a768_uniq UNIQUE (socialapp_id, site_id);


--
-- Name: socialaccount_socialtoken_app_id_fca4e0ac_uniq; Type: CONSTRAINT; Schema: public; Owner: admin
--

ALTER TABLE ONLY socialaccount_socialtoken
    ADD CONSTRAINT socialaccount_socialtoken_app_id_fca4e0ac_uniq UNIQUE (app_id, account_id);


--
-- Name: socialaccount_socialtoken_pkey; Type: CONSTRAINT; Schema: public; Owner: admin
--

ALTER TABLE ONLY socialaccount_socialtoken
    ADD CONSTRAINT socialaccount_socialtoken_pkey PRIMARY KEY (id);


--
-- Name: account_emailaddress_e8701ad4; Type: INDEX; Schema: public; Owner: admin
--

CREATE INDEX account_emailaddress_e8701ad4 ON account_emailaddress USING btree (user_id);


--
-- Name: account_emailaddress_email_03be32b2_like; Type: INDEX; Schema: public; Owner: admin
--

CREATE INDEX account_emailaddress_email_03be32b2_like ON account_emailaddress USING btree (email varchar_pattern_ops);


--
-- Name: account_emailconfirmation_6f1edeac; Type: INDEX; Schema: public; Owner: admin
--

CREATE INDEX account_emailconfirmation_6f1edeac ON account_emailconfirmation USING btree (email_address_id);


--
-- Name: account_emailconfirmation_key_f43612bd_like; Type: INDEX; Schema: public; Owner: admin
--

CREATE INDEX account_emailconfirmation_key_f43612bd_like ON account_emailconfirmation USING btree (key varchar_pattern_ops);


--
-- Name: auth_group_name_a6ea08ec_like; Type: INDEX; Schema: public; Owner: admin
--

CREATE INDEX auth_group_name_a6ea08ec_like ON auth_group USING btree (name varchar_pattern_ops);


--
-- Name: auth_group_permissions_0e939a4f; Type: INDEX; Schema: public; Owner: admin
--

CREATE INDEX auth_group_permissions_0e939a4f ON auth_group_permissions USING btree (group_id);


--
-- Name: auth_group_permissions_8373b171; Type: INDEX; Schema: public; Owner: admin
--

CREATE INDEX auth_group_permissions_8373b171 ON auth_group_permissions USING btree (permission_id);


--
-- Name: auth_permission_417f1b1c; Type: INDEX; Schema: public; Owner: admin
--

CREATE INDEX auth_permission_417f1b1c ON auth_permission USING btree (content_type_id);


--
-- Name: auth_user_groups_0e939a4f; Type: INDEX; Schema: public; Owner: admin
--

CREATE INDEX auth_user_groups_0e939a4f ON auth_user_groups USING btree (group_id);


--
-- Name: auth_user_groups_e8701ad4; Type: INDEX; Schema: public; Owner: admin
--

CREATE INDEX auth_user_groups_e8701ad4 ON auth_user_groups USING btree (user_id);


--
-- Name: auth_user_user_permissions_8373b171; Type: INDEX; Schema: public; Owner: admin
--

CREATE INDEX auth_user_user_permissions_8373b171 ON auth_user_user_permissions USING btree (permission_id);


--
-- Name: auth_user_user_permissions_e8701ad4; Type: INDEX; Schema: public; Owner: admin
--

CREATE INDEX auth_user_user_permissions_e8701ad4 ON auth_user_user_permissions USING btree (user_id);


--
-- Name: auth_user_username_6821ab7c_like; Type: INDEX; Schema: public; Owner: admin
--

CREATE INDEX auth_user_username_6821ab7c_like ON auth_user USING btree (username varchar_pattern_ops);


--
-- Name: django_admin_log_417f1b1c; Type: INDEX; Schema: public; Owner: admin
--

CREATE INDEX django_admin_log_417f1b1c ON django_admin_log USING btree (content_type_id);


--
-- Name: django_admin_log_e8701ad4; Type: INDEX; Schema: public; Owner: admin
--

CREATE INDEX django_admin_log_e8701ad4 ON django_admin_log USING btree (user_id);


--
-- Name: django_session_de54fa62; Type: INDEX; Schema: public; Owner: admin
--

CREATE INDEX django_session_de54fa62 ON django_session USING btree (expire_date);


--
-- Name: django_session_session_key_c0390e0f_like; Type: INDEX; Schema: public; Owner: admin
--

CREATE INDEX django_session_session_key_c0390e0f_like ON django_session USING btree (session_key varchar_pattern_ops);


--
-- Name: django_site_domain_a2e37b91_like; Type: INDEX; Schema: public; Owner: admin
--

CREATE INDEX django_site_domain_a2e37b91_like ON django_site USING btree (domain varchar_pattern_ops);


--
-- Name: socialaccount_socialaccount_e8701ad4; Type: INDEX; Schema: public; Owner: admin
--

CREATE INDEX socialaccount_socialaccount_e8701ad4 ON socialaccount_socialaccount USING btree (user_id);


--
-- Name: socialaccount_socialapp_sites_9365d6e7; Type: INDEX; Schema: public; Owner: admin
--

CREATE INDEX socialaccount_socialapp_sites_9365d6e7 ON socialaccount_socialapp_sites USING btree (site_id);


--
-- Name: socialaccount_socialapp_sites_fe95b0a0; Type: INDEX; Schema: public; Owner: admin
--

CREATE INDEX socialaccount_socialapp_sites_fe95b0a0 ON socialaccount_socialapp_sites USING btree (socialapp_id);


--
-- Name: socialaccount_socialtoken_8a089c2a; Type: INDEX; Schema: public; Owner: admin
--

CREATE INDEX socialaccount_socialtoken_8a089c2a ON socialaccount_socialtoken USING btree (account_id);


--
-- Name: socialaccount_socialtoken_f382adfe; Type: INDEX; Schema: public; Owner: admin
--

CREATE INDEX socialaccount_socialtoken_f382adfe ON socialaccount_socialtoken USING btree (app_id);


--
-- Name: account_em_email_address_id_5b7f8c58_fk_account_emailaddress_id; Type: FK CONSTRAINT; Schema: public; Owner: admin
--

ALTER TABLE ONLY account_emailconfirmation
    ADD CONSTRAINT account_em_email_address_id_5b7f8c58_fk_account_emailaddress_id FOREIGN KEY (email_address_id) REFERENCES account_emailaddress(id) DEFERRABLE INITIALLY DEFERRED;


--
-- Name: account_emailaddress_user_id_2c513194_fk_auth_user_id; Type: FK CONSTRAINT; Schema: public; Owner: admin
--

ALTER TABLE ONLY account_emailaddress
    ADD CONSTRAINT account_emailaddress_user_id_2c513194_fk_auth_user_id FOREIGN KEY (user_id) REFERENCES auth_user(id) DEFERRABLE INITIALLY DEFERRED;


--
-- Name: auth_group_permiss_permission_id_84c5c92e_fk_auth_permission_id; Type: FK CONSTRAINT; Schema: public; Owner: admin
--

ALTER TABLE ONLY auth_group_permissions
    ADD CONSTRAINT auth_group_permiss_permission_id_84c5c92e_fk_auth_permission_id FOREIGN KEY (permission_id) REFERENCES auth_permission(id) DEFERRABLE INITIALLY DEFERRED;


--
-- Name: auth_group_permissions_group_id_b120cbf9_fk_auth_group_id; Type: FK CONSTRAINT; Schema: public; Owner: admin
--

ALTER TABLE ONLY auth_group_permissions
    ADD CONSTRAINT auth_group_permissions_group_id_b120cbf9_fk_auth_group_id FOREIGN KEY (group_id) REFERENCES auth_group(id) DEFERRABLE INITIALLY DEFERRED;


--
-- Name: auth_permiss_content_type_id_2f476e4b_fk_django_content_type_id; Type: FK CONSTRAINT; Schema: public; Owner: admin
--

ALTER TABLE ONLY auth_permission
    ADD CONSTRAINT auth_permiss_content_type_id_2f476e4b_fk_django_content_type_id FOREIGN KEY (content_type_id) REFERENCES django_content_type(id) DEFERRABLE INITIALLY DEFERRED;


--
-- Name: auth_user_groups_group_id_97559544_fk_auth_group_id; Type: FK CONSTRAINT; Schema: public; Owner: admin
--

ALTER TABLE ONLY auth_user_groups
    ADD CONSTRAINT auth_user_groups_group_id_97559544_fk_auth_group_id FOREIGN KEY (group_id) REFERENCES auth_group(id) DEFERRABLE INITIALLY DEFERRED;


--
-- Name: auth_user_groups_user_id_6a12ed8b_fk_auth_user_id; Type: FK CONSTRAINT; Schema: public; Owner: admin
--

ALTER TABLE ONLY auth_user_groups
    ADD CONSTRAINT auth_user_groups_user_id_6a12ed8b_fk_auth_user_id FOREIGN KEY (user_id) REFERENCES auth_user(id) DEFERRABLE INITIALLY DEFERRED;


--
-- Name: auth_user_user_per_permission_id_1fbb5f2c_fk_auth_permission_id; Type: FK CONSTRAINT; Schema: public; Owner: admin
--

ALTER TABLE ONLY auth_user_user_permissions
    ADD CONSTRAINT auth_user_user_per_permission_id_1fbb5f2c_fk_auth_permission_id FOREIGN KEY (permission_id) REFERENCES auth_permission(id) DEFERRABLE INITIALLY DEFERRED;


--
-- Name: auth_user_user_permissions_user_id_a95ead1b_fk_auth_user_id; Type: FK CONSTRAINT; Schema: public; Owner: admin
--

ALTER TABLE ONLY auth_user_user_permissions
    ADD CONSTRAINT auth_user_user_permissions_user_id_a95ead1b_fk_auth_user_id FOREIGN KEY (user_id) REFERENCES auth_user(id) DEFERRABLE INITIALLY DEFERRED;


--
-- Name: django_admin_content_type_id_c4bce8eb_fk_django_content_type_id; Type: FK CONSTRAINT; Schema: public; Owner: admin
--

ALTER TABLE ONLY django_admin_log
    ADD CONSTRAINT django_admin_content_type_id_c4bce8eb_fk_django_content_type_id FOREIGN KEY (content_type_id) REFERENCES django_content_type(id) DEFERRABLE INITIALLY DEFERRED;


--
-- Name: django_admin_log_user_id_c564eba6_fk_auth_user_id; Type: FK CONSTRAINT; Schema: public; Owner: admin
--

ALTER TABLE ONLY django_admin_log
    ADD CONSTRAINT django_admin_log_user_id_c564eba6_fk_auth_user_id FOREIGN KEY (user_id) REFERENCES auth_user(id) DEFERRABLE INITIALLY DEFERRED;


--
-- Name: socialacc_account_id_951f210e_fk_socialaccount_socialaccount_id; Type: FK CONSTRAINT; Schema: public; Owner: admin
--

ALTER TABLE ONLY socialaccount_socialtoken
    ADD CONSTRAINT socialacc_account_id_951f210e_fk_socialaccount_socialaccount_id FOREIGN KEY (account_id) REFERENCES socialaccount_socialaccount(id) DEFERRABLE INITIALLY DEFERRED;


--
-- Name: socialaccou_socialapp_id_97fb6e7d_fk_socialaccount_socialapp_id; Type: FK CONSTRAINT; Schema: public; Owner: admin
--

ALTER TABLE ONLY socialaccount_socialapp_sites
    ADD CONSTRAINT socialaccou_socialapp_id_97fb6e7d_fk_socialaccount_socialapp_id FOREIGN KEY (socialapp_id) REFERENCES socialaccount_socialapp(id) DEFERRABLE INITIALLY DEFERRED;


--
-- Name: socialaccount_soc_app_id_636a42d7_fk_socialaccount_socialapp_id; Type: FK CONSTRAINT; Schema: public; Owner: admin
--

ALTER TABLE ONLY socialaccount_socialtoken
    ADD CONSTRAINT socialaccount_soc_app_id_636a42d7_fk_socialaccount_socialapp_id FOREIGN KEY (app_id) REFERENCES socialaccount_socialapp(id) DEFERRABLE INITIALLY DEFERRED;


--
-- Name: socialaccount_socialaccount_user_id_8146e70c_fk_auth_user_id; Type: FK CONSTRAINT; Schema: public; Owner: admin
--

ALTER TABLE ONLY socialaccount_socialaccount
    ADD CONSTRAINT socialaccount_socialaccount_user_id_8146e70c_fk_auth_user_id FOREIGN KEY (user_id) REFERENCES auth_user(id) DEFERRABLE INITIALLY DEFERRED;


--
-- Name: socialaccount_socialapp_site_site_id_2579dee5_fk_django_site_id; Type: FK CONSTRAINT; Schema: public; Owner: admin
--

ALTER TABLE ONLY socialaccount_socialapp_sites
    ADD CONSTRAINT socialaccount_socialapp_site_site_id_2579dee5_fk_django_site_id FOREIGN KEY (site_id) REFERENCES django_site(id) DEFERRABLE INITIALLY DEFERRED;


--
-- Name: public; Type: ACL; Schema: -; Owner: postgres
--

REVOKE ALL ON SCHEMA public FROM PUBLIC;
REVOKE ALL ON SCHEMA public FROM postgres;
GRANT ALL ON SCHEMA public TO postgres;
GRANT ALL ON SCHEMA public TO PUBLIC;


--
-- PostgreSQL database dump complete
--

